Timestamp,Varietal,Bin,Brix,Temperature,Anything notable about this fermentation today?,Reported by,Date of Measurement
9/16/2024 23:55:06,"GRENACHE, Redgale Vineyard, Solano County",1,17,68,Saignee out 10 gal into keg; replaced with 10 gal JJ,Andrew,9/15/2024
9/16/2024 23:56:13,"GRENACHE, Redgale Vineyard, Solano County",2,19,68.5,Saignee 10 gal of juice and replaced with 10 gal JJ,Andrew,9/15/2024
9/16/2024 23:57:43,"ZINFANDEL, Lucchesi Vineyard, Green Valley",1,28,72,Tall bin; hard to punchdown ,Fah,9/15/2024
9/17/2024 0:00:41,"ZINFANDEL, Lucchesi Vineyard, Green Valley",2,28,70.5,Some gas in juice,Fah,9/15/2024
9/17/2024 0:01:09,"ZINFANDEL, Lucchesi Vineyard, Green Valley",3,29,74,Some gas in juice,Fah,9/15/2024
9/16/2024 23:50:58,"GRENACHE, Redgale Vineyard, Solano County",1,26,67,AMH 50g yeast; 25g GoFerm; 100g Superfood; 500g tartaric (~1.5g/L); no warm spot,David,9/16/2024
9/16/2024 18:59:54,"GRENACHE, Redgale Vineyard, Solano County",2,25,67.5,BRL97 50g yeast; 25g GoFerm; 100g Superfood; 500g tartaric (~1.5g/L),Brian,9/16/2024
9/16/2024 19:03:27,"ZINFANDEL, Lucchesi Vineyard, Green Valley",1,29,69,RP15 70g yeast; 70g GoFerm; 50g Superfood; Smells like nail polish remover ,Brian,9/16/2024
9/16/2024 18:47:11,"ZINFANDEL, Lucchesi Vineyard, Green Valley",2,31,67,Syrah 50g yeast; 25g GoFerm; 50g Superfood; (~1.5g/L); Some warm spots ,Fah,9/16/2024
9/16/2024 18:52:18,"ZINFANDEL, Lucchesi Vineyard, Green Valley",3,31,68,RP15 50g yeast; 25g GoFerm; 50g Superfood; Few warm spots in the middle ,David,9/16/2024
9/17/2024 12:11:21,"GRENACHE, Redgale Vineyard, Solano County",1,25,66,Slow fermentation? Spot only in the center. Nice aroma,Mio,9/17/2024
9/17/2024 12:12:34,"GRENACHE, Redgale Vineyard, Solano County",2,24.5,66.6,"Relatively watery? Nice aroma, more active than bin 1",Mio,9/17/2024
9/17/2024 12:40:41,"ZINFANDEL, Lucchesi Vineyard, Green Valley",1,29,68.5,40gal JJ; Much warmer and faster fermentation,Mio,9/17/2024
9/17/2024 16:00:09,"ZINFANDEL, Lucchesi Vineyard, Green Valley",1,16,70,Post mizu 40 g hard to stir. Confirmed pato it took time.,Mio,9/17/2024
9/17/2024 12:03:49,"ZINFANDEL, Lucchesi Vineyard, Green Valley",2,30,65.7,20gal JJ; Warm spots here and there. Low acid feel.,Mio,9/17/2024
9/17/2024 14:04:50,"ZINFANDEL, Lucchesi Vineyard, Green Valley",2,21,68,Post Mizu 20g,Mio,9/17/2024
9/17/2024 12:17:50,"ZINFANDEL, Lucchesi Vineyard, Green Valley",3,29.5,66,20gal JJ; Warmer than bin 2,Mio,9/17/2024
9/17/2024 14:05:24,"ZINFANDEL, Lucchesi Vineyard, Green Valley",3,21,70,Post mizu 20g,Mio,9/17/2024
9/17/2024 18:28:21,"GRENACHE, Redgale Vineyard, Solano County",2,23,70,Starting to bubble and grapes need to be popped more. Spent additional time popping the grapes.,Jenine,9/17/2024
9/18/2024 20:14:27,"GRENACHE, Redgale Vineyard, Solano County",1,24,69,,Amanda Kartz,9/17/2024
9/18/2024 20:15:07,"ZINFANDEL, Lucchesi Vineyard, Green Valley",1,20.5,71,,Amanda Kartz,9/17/2024
9/18/2024 20:15:39,"ZINFANDEL, Lucchesi Vineyard, Green Valley",2,22,69,,Amanda Kartz,9/17/2024
9/18/2024 20:16:14,"ZINFANDEL, Lucchesi Vineyard, Green Valley",3,22,72,,Amanda Kartz,9/17/2024
9/18/2024 18:17:39,"GRENACHE, Redgale Vineyard, Solano County",1,20.5,75,"Bubbly, grapes are still full size",Clinton,9/18/2024
9/18/2024 18:21:29,"ZINFANDEL, Lucchesi Vineyard, Green Valley",2,22,72.5,"Bubbling , grapes are still full size",Clinton,9/18/2024
9/18/2024 18:24:33,"GRENACHE, Redgale Vineyard, Solano County",2,15.5,82.6,"Very bubbly, ",Clinton,9/18/2024
9/18/2024 18:31:52,"ZINFANDEL, Lucchesi Vineyard, Green Valley",3,23,72.2,Not,Clinton,9/18/2024
9/18/2024 18:35:14,"ZINFANDEL, Lucchesi Vineyard, Green Valley",1,22,72,"Cooler than other bins, not very active",Clinton,9/18/2024
9/19/2024 18:51:43,"GRENACHE, Redgale Vineyard, Solano County",1,10.5,83.7,,Jenine,9/19/2024
9/19/2024 18:52:43,"GRENACHE, Redgale Vineyard, Solano County",2,5,87.3,,Jenine,9/19/2024
9/19/2024 18:53:33,"ZINFANDEL, Lucchesi Vineyard, Green Valley",1,21,75.7,70g superfood,Jenine,9/19/2024
9/19/2024 18:54:10,"ZINFANDEL, Lucchesi Vineyard, Green Valley",2,18,75.2,35g superfood,Jenine,9/19/2024
9/19/2024 18:55:20,"ZINFANDEL, Lucchesi Vineyard, Green Valley",3,20,76.8,35g superfood,Jenine,9/19/2024
9/20/2024 18:36:17,"GRENACHE, Redgale Vineyard, Solano County",2,2.1,85,,Kat,9/20/2024
9/20/2024 9:48:07,"ZINFANDEL, Lucchesi Vineyard, Green Valley",2,15.5,77,"Bubbling, sounding active before pd",Mio,9/20/2024
9/20/2024 9:48:40,"ZINFANDEL, Lucchesi Vineyard, Green Valley",3,18,76,"Bubbling, sounding active before pd",Mio,9/20/2024
9/20/2024 9:49:13,"ZINFANDEL, Lucchesi Vineyard, Green Valley",1,17.5,78,"Bubbling, sounding active before pd",Mio,9/20/2024
9/20/2024 18:23:19,"ZINFANDEL, Lucchesi Vineyard, Green Valley",2,15.5,80.2,Smell a bit eggy ,Joshua,9/20/2024
9/20/2024 18:26:41,"ZINFANDEL, Lucchesi Vineyard, Green Valley",3,18,80.4,Some pink foam ,Noah,9/20/2024
9/20/2024 18:30:35,"GRENACHE, Redgale Vineyard, Solano County",1,6,86,,Kat,9/20/2024
9/20/2024 18:41:21,"ZINFANDEL, Lucchesi Vineyard, Green Valley",1,17,80.4,Very strong eggy ,Joshua ,9/20/2024
9/21/2024 11:02:37,"ZINFANDEL, Lucchesi Vineyard, Green Valley",2,12.5,77,Strong eggy smell. Punchdown harder ,Denise ,9/21/2024
9/21/2024 11:04:47,"ZINFANDEL, Lucchesi Vineyard, Green Valley",3,17,77.5,Normal,Denise,9/21/2024
9/21/2024 11:07:01,"GRENACHE, Redgale Vineyard, Solano County",1,4.8,80,Smell nice. A bit alcoholic. ,Heather ,9/21/2024
9/21/2024 11:08:53,"ZINFANDEL, Lucchesi Vineyard, Green Valley",1,15.5,79,"Strong sulfur smell, very bubbly while punching down. ",Denise,9/21/2024
9/21/2024 11:09:17,"GRENACHE, Redgale Vineyard, Solano County",2,0.7,79.5,Smell alcoholic,Clinton,9/21/2024
9/22/2024 10:34:45,"GRENACHE, Redgale Vineyard, Solano County",2,-0.8,77.5,Nice smell; sweet ,Alba ,9/22/2024
9/22/2024 10:36:20,"GRENACHE, Redgale Vineyard, Solano County",1,2.5,79.5,Slightly eggy,Lisa Marie,9/22/2024
9/22/2024 10:43:38,"ZINFANDEL, Lucchesi Vineyard, Green Valley",2,10.5,79.5,Not eggy. Smell okay. 100g superfood.,Lisa Marie,9/22/2024
9/22/2024 10:48:20,"ZINFANDEL, Lucchesi Vineyard, Green Valley",3,16,79.5,Very eggy; 100g superfood,Alba,9/22/2024
9/22/2024 10:54:07,"ZINFANDEL, Lucchesi Vineyard, Green Valley",1,13,81,Very very eggy; 200 g superfood,Carlos,9/22/2024
9/22/2024 22:24:24,"BARBERA, Estate, Green Valley",1,25.5,61,Sangiobera; from less ripe side (E) of the vineyard; measured after adding 27 gal of saignee from other three bins and remove 9 gal,Alba,9/22/2024
9/22/2024 22:25:04,"BARBERA, Estate, Green Valley",2,27,63,from ripe side (W) of the vineyard; measured before saignee 9 gal out,Alba,9/22/2024
9/22/2024 22:25:55,"BARBERA, Estate, Green Valley",3,26.5,62,from riper side (W + NE) of the vineyard; measured before saignee 9 gal out,Alba,9/22/2024
9/22/2024 22:27:39,"BARBERA, Estate, Green Valley",4,26,62.5,from riper side (NE) of the vineyard; measured before saignee 9 gal out,Alba,9/22/2024
9/23/2024 13:24:07,"ZINFANDEL, Lucchesi Vineyard, Green Valley",1,8.5,86,"Firm cap, weak foam, strong rotting eggs smell",Mio,9/23/2024
9/23/2024 13:24:38,"ZINFANDEL, Lucchesi Vineyard, Green Valley",2,5.5,84,"Firm cap, weak foam, strong rotting eggs smell",Mio,9/23/2024
9/23/2024 13:25:02,"ZINFANDEL, Lucchesi Vineyard, Green Valley",3,11,85,"Firm cap, weak foam, strong rotting eggs smell",Mio,9/23/2024
9/23/2024 13:29:14,"GRENACHE, Redgale Vineyard, Solano County",1,-0.5,82,Still sweet feel,Mio,9/23/2024
9/23/2024 13:29:49,"GRENACHE, Redgale Vineyard, Solano County",2,-1.5,76,Very dry. Cap is weaken but still there ok.,Mio,9/23/2024
9/24/2024 10:29:48,"GRENACHE, Redgale Vineyard, Solano County",1,7.5,84,"Slow, rotten egg, added superferm  60g",Mio,9/24/2024
9/24/2024 10:30:39,"ZINFANDEL, Lucchesi Vineyard, Green Valley",2,5.5,81.5,"Rotten egg smell, no progress, added super term 30",Mio,9/24/2024
9/24/2024 10:31:17,"ZINFANDEL, Lucchesi Vineyard, Green Valley",3,10.5,83,"No rotten egg, superferm 30g added, very slow",Mio,9/24/2024
9/24/2024 18:58:54,"BARBERA, Estate, Green Valley",1,26,63.5,Inoculating D254; 25g GoFerm; 100g Superferm,Rihan Boot,9/24/2024
9/24/2024 18:59:38,"BARBERA, Estate, Green Valley",2,25,64.6,Inoculating BRL97; 25g GoFerm; 100g Superferm,Rihan Boot,9/24/2024
9/24/2024 19:02:55,"BARBERA, Estate, Green Valley",3,24,64.9,Inoculating BRL97; 25g GoFerm; 100g Superferm,Rihan Boot,9/24/2024
9/24/2024 19:03:30,"BARBERA, Estate, Green Valley",4,26,64.6,Inoculating BRL97; 25g GoFerm; 100g Superferm,Rihan Boot,9/24/2024
9/24/2024 19:04:40,"GRENACHE, Redgale Vineyard, Solano County",1,-1,86.2,N/a,Rihan Boot,9/24/2024
9/24/2024 19:06:57,"GRENACHE, Redgale Vineyard, Solano County",2,-1.5,82.2,N/a,Rihan Boot,9/24/2024
9/24/2024 19:08:17,"ZINFANDEL, Lucchesi Vineyard, Green Valley",3,9,86.4,Slow active bubbles; 5 gal mizu,Rihan Boot,9/24/2024
9/24/2024 19:08:51,"ZINFANDEL, Lucchesi Vineyard, Green Valley",2,5,86,Slow active bubbles; 5 gal mizu,Rihan Boot,9/24/2024
9/25/2024 18:26:52,"GRENACHE, Redgale Vineyard, Solano County",1,-1.2,77,No real warm spot,Dave Hinman ,9/25/2024
9/25/2024 18:28:34,"GRENACHE, Redgale Vineyard, Solano County",2,-1.4,77,No warm spots ,David Hinman ,9/25/2024
9/25/2024 18:31:03,"ZINFANDEL, Lucchesi Vineyard, Green Valley",2,4.5,80,A few warm spots ,David Hinman ,9/25/2024
9/25/2024 18:32:21,"ZINFANDEL, Lucchesi Vineyard, Green Valley",3,8.5,82,Warm spots,David Hinman ,9/25/2024
9/25/2024 18:34:28,"ZINFANDEL, Lucchesi Vineyard, Green Valley",1,6,81,,David Hinman ,9/25/2024
9/25/2024 18:38:58,"BARBERA, Estate, Green Valley",1,27,68,,David Hinman ,9/25/2024
9/25/2024 18:41:09,"BARBERA, Estate, Green Valley",3,28,68,,David Hinman ,9/25/2024
9/25/2024 18:44:17,"BARBERA, Estate, Green Valley",2,22.5,70,,David Hinman ,9/25/2024
9/25/2024 18:50:38,"BARBERA, Estate, Green Valley",4,27,70,,David Hinman ,9/25/2024
9/26/2024 18:37:55,"BARBERA, Estate, Green Valley",1,23,73.5,,Jenine,9/26/2024
9/26/2024 18:38:24,"BARBERA, Estate, Green Valley",2,16,81,,Jenine,9/26/2024
9/26/2024 18:38:49,"BARBERA, Estate, Green Valley",3,21,80,,Jenine,9/26/2024
9/26/2024 18:39:21,"BARBERA, Estate, Green Valley",4,22,77,,Jenine ,9/26/2024
9/26/2024 19:15:49,"GRENACHE, Redgale Vineyard, Solano County",1,0,73,,Jenine,9/26/2024
9/26/2024 19:16:18,"GRENACHE, Redgale Vineyard, Solano County",2,-1,74,,Jenine,9/26/2024
9/26/2024 19:17:22,"ZINFANDEL, Lucchesi Vineyard, Green Valley",1,5,79,"Did pump over, smell improved after pump over ",Jenine,9/26/2024
9/26/2024 19:47:15,"ZINFANDEL, Lucchesi Vineyard, Green Valley",3,7,79.5,,Jenine,9/26/2024
9/27/2024 17:13:54,"BARBERA, Estate, Green Valley",2,5.25,88,,Jeff,9/27/2024
9/27/2024 18:08:28,"BARBERA, Estate, Green Valley",1,14,89,,Fah/Jenine,9/27/2024
9/27/2024 17:15:01,"BARBERA, Estate, Green Valley",4,12,88.5,,Jeff Sharoff (ew),9/28/2024
9/27/2024 17:16:15,"BARBERA, Estate, Green Valley",3,11,92.3,,Jeff Sharoff (yuck),9/28/2024
9/27/2024 17:22:08,"ZINFANDEL, Lucchesi Vineyard, Green Valley",2,1.5,80.1,,Jeff Sharoff (very ugly),9/28/2024
9/27/2024 17:24:31,"ZINFANDEL, Lucchesi Vineyard, Green Valley",3,5.5,81.9,,Jeff Sharoff (🤮),9/28/2024
9/27/2024 17:26:24,"ZINFANDEL, Lucchesi Vineyard, Green Valley",1,1.5,80.2,,Jeff Sharoff (eats rocks),9/28/2024
9/27/2024 17:32:38,"GRENACHE, Redgale Vineyard, Solano County",1,-1.8,76.3,,Jeff Sharoff (cannot read),9/28/2024
9/27/2024 17:34:23,"GRENACHE, Redgale Vineyard, Solano County",2,-1.4,77.4,,Jeff Sharoff (evades taxes),9/28/2024
9/28/2024 10:44:55,"BARBERA, Estate, Green Valley",4,9,86.2,,Jaemin and Jeff,9/28/2024
9/28/2024 10:46:38,"BARBERA, Estate, Green Valley",3,9,87.4,,Jeff and Jaemin,9/28/2024
9/28/2024 10:58:31,"BARBERA, Estate, Green Valley",2,3.7,83.7,,Jeff and Jaemin,9/28/2024
9/28/2024 11:01:04,"BARBERA, Estate, Green Valley",1,8.5,87.4,,Jeff and Jaemin,9/28/2024
9/29/2024 10:44:07,"BARBERA, Estate, Green Valley",1,4,78,,Jenine,9/29/2024
9/29/2024 10:44:49,"BARBERA, Estate, Green Valley",2,1.8,74.5,,Jenine,9/29/2024
9/29/2024 10:45:24,"BARBERA, Estate, Green Valley",3,6,79,,Jenine,9/29/2024
9/29/2024 10:45:56,"BARBERA, Estate, Green Valley",4,5,77,,Jenine,9/29/2024
9/30/2024 11:40:38,"ZINFANDEL, Lucchesi Vineyard, Green Valley",Pressed,1.5,69,Mio aerate in a bin for a long time in the morning.,Mio,9/30/2024
9/30/2024 18:41:10,"BARBERA, Estate, Green Valley",2,0.7,80,"A lot more lighter color , less solid",Richard,9/30/2024
9/30/2024 18:42:39,"BARBERA, Estate, Green Valley",4,3.6,79,Kinda thick felt more bubbly ,Richard ,9/30/2024
9/30/2024 18:43:57,"BARBERA, Estate, Green Valley",1,3,82,,Richard,9/30/2024
9/30/2024 18:45:10,"BARBERA, Estate, Green Valley",3,4.7,80,,Richard,9/30/2024
9/30/2024 19:03:20,"BARBERA, Estate, Green Valley",1,3.8,,Temperature not measured ,Sam,9/30/2024
9/30/2024 19:04:08,"BARBERA, Estate, Green Valley",2,1,,Temperature not measured ,Sam,9/30/2024
9/30/2024 19:04:44,"BARBERA, Estate, Green Valley",3,5,,Temperature not measured ,Sam,9/30/2024
9/30/2024 19:05:35,"BARBERA, Estate, Green Valley",4,4.2,,Temperature not measured ,Sam,9/30/2024
10/1/2024 17:28:47,"CABERNET SAUVIGNON, DePass-Paulson Vineyard, Green Valley",1,25,64,,,9/30/2024
10/1/2024 17:35:17,"CABERNET SAUVIGNON, DePass-Paulson Vineyard, Green Valley",2,26,68,warm corners and small amount of bubbles around the edge,,9/30/2024
10/1/2024 17:36:02,"ZINFANDEL, Lucchesi Vineyard, Green Valley",Pressed,0.7,80,not as eggy; aerate for 10 mins.,,9/30/2024
10/1/2024 17:36:54,"ZINFANDEL, Lucchesi Vineyard, Green Valley",Free Run,2,79,Quite eggy; aerate for 10 mins inside the tote. ,,9/30/2024
10/1/2024 18:24:05,"CABERNET SAUVIGNON, DePass-Paulson Vineyard, Green Valley",1,26,65.7,,Haley,10/1/2024
10/1/2024 18:24:39,"CABERNET SAUVIGNON, DePass-Paulson Vineyard, Green Valley",2,26,66.7,,Haley,10/1/2024
10/1/2024 18:25:43,"BARBERA, Estate, Green Valley",1,2.1,85.5,,,10/1/2024
10/1/2024 18:26:26,"BARBERA, Estate, Green Valley",2,1,80.5,,,10/1/2024
10/1/2024 18:27:06,"BARBERA, Estate, Green Valley",3,3.5,83.5,,,10/1/2024
10/1/2024 18:27:27,"BARBERA, Estate, Green Valley",4,3,82,,,10/1/2024
10/1/2024 20:25:36,"ZINFANDEL, Lucchesi Vineyard, Green Valley",Free Run,2.4,78,Green lid bin; measured while in anopen bin mid aeration ,Haley,10/1/2024
10/1/2024 20:26:21,"ZINFANDEL, Lucchesi Vineyard, Green Valley",Pressed,0.6,79,Black lid bin; measured from closed vat ,Haley,10/1/2024
10/1/2024 20:28:18,"PETITE SIRAH, Caymus-Babcock Vineyard, Suisun Valley",1,27,64,,,10/1/2024
10/1/2024 20:29:19,"PETITE SIRAH, Caymus-Babcock Vineyard, Suisun Valley",2,28,64,,,10/1/2024
10/1/2024 20:30:00,"PETITE SIRAH, Caymus-Babcock Vineyard, Suisun Valley",3,28,67,,,10/1/2024
10/1/2024 20:30:28,"PETITE SIRAH, Caymus-Babcock Vineyard, Suisun Valley",4,27,65,,,10/1/2024
10/2/2024 19:08:19,"BARBERA, Estate, Green Valley",2,0.6,80,,Clinton,10/2/2024
10/2/2024 19:09:18,"BARBERA, Estate, Green Valley",1,1.5,81,"Soft cap, low bubbles",Clinton,10/2/2024
10/2/2024 19:10:01,"BARBERA, Estate, Green Valley",3,2,82,"Soft cap, low bubbles",Clinton,10/2/2024
10/2/2024 19:10:55,"BARBERA, Estate, Green Valley",4,1.7,82,"Soft cap, ",Clinton,10/2/2024
10/2/2024 19:12:45,"CABERNET SAUVIGNON, DePass-Paulson Vineyard, Green Valley",1,25,66.7,"Low juice, hard to punch down, low bubbles",Clinton,10/2/2024
10/2/2024 19:13:34,"CABERNET SAUVIGNON, DePass-Paulson Vineyard, Green Valley",2,26,67.3,"Hard cap, hard to punch down, low bubbles",Clinton,10/2/2024
10/2/2024 19:14:24,"PETITE SIRAH, Caymus-Babcock Vineyard, Suisun Valley",1,27.5,65,"Sweet, basic",Clinton,10/2/2024
10/2/2024 19:14:59,"PETITE SIRAH, Caymus-Babcock Vineyard, Suisun Valley",2,28.5,66,Basic,Clinton,10/2/2024
10/2/2024 19:15:42,"PETITE SIRAH, Caymus-Babcock Vineyard, Suisun Valley",3,29,67,Basic,Clinton,10/2/2024
10/2/2024 19:16:14,"PETITE SIRAH, Caymus-Babcock Vineyard, Suisun Valley",4,27.5,66,Basic,Clinton,10/2/2024
10/2/2024 22:01:13,"ZINFANDEL, Lucchesi Vineyard, Green Valley",Free Run,1.8,80,Eggy. CO2. Aerate in big bin.,,10/2/2024
10/2/2024 22:02:19,"ZINFANDEL, Lucchesi Vineyard, Green Valley",Pressed,0,80,Clean. Did not measure temp,,10/2/2024
10/5/2024 7:24:28,"CABERNET SAUVIGNON, DePass-Paulson Vineyard, Green Valley",2,25.5,68.5,Morning score,Sam,10/3/2024
10/5/2024 7:25:54,"CABERNET SAUVIGNON, DePass-Paulson Vineyard, Green Valley",1,24.5,68,Morning score,Sam,10/3/2024
10/5/2024 7:27:18,"BARBERA, Estate, Green Valley",1,1.6,78,Morning score,Sam,10/3/2024
10/5/2024 7:28:09,"BARBERA, Estate, Green Valley",2,0.7,75.5,Morning score,Sam,10/3/2024
10/5/2024 7:29:03,"BARBERA, Estate, Green Valley",3,2.9,79,Morning score,Sam,10/3/2024
10/5/2024 7:29:43,"BARBERA, Estate, Green Valley",4,1,78,Morning score,Sam,10/3/2024
10/5/2024 7:30:38,"ZINFANDEL, Lucchesi Vineyard, Green Valley",Pressed,0.1,75.6,Morning score,Sam,10/3/2024
10/5/2024 7:31:29,"ZINFANDEL, Lucchesi Vineyard, Green Valley",Free Run,2.1,74.8,Morning score,Sam,10/3/2024
10/4/2024 16:44:37,"PETITE SIRAH, Caymus-Babcock Vineyard, Suisun Valley",4,22,72,10gal mizu,Jeff,10/4/2024
10/4/2024 16:46:16,"PETITE SIRAH, Caymus-Babcock Vineyard, Suisun Valley",3,26,72,10gal mizu,Jeff,10/4/2024
10/4/2024 16:50:59,"PETITE SIRAH, Caymus-Babcock Vineyard, Suisun Valley",1,20,81,Lots of activity! 10gal mizu,Jeff,10/4/2024
10/4/2024 16:53:29,"PETITE SIRAH, Caymus-Babcock Vineyard, Suisun Valley",2,22,71,10gal mizu,Jeff,10/4/2024
10/4/2024 16:59:04,"CABERNET SAUVIGNON, DePass-Paulson Vineyard, Green Valley",2,26,85,,Jeff,10/4/2024
10/4/2024 16:59:30,"CABERNET SAUVIGNON, DePass-Paulson Vineyard, Green Valley",1,22,83,,Jeff,10/4/2024
10/7/2024 19:07:54,"ZINFANDEL, Lucchesi Vineyard, Green Valley",Pressed,-1.5,88.3,,Dave ,10/4/2024
10/6/2024 12:39:51,"PETITE SIRAH, Caymus-Babcock Vineyard, Suisun Valley",1,6,91,,Mio,10/6/2024
10/6/2024 12:40:20,"PETITE SIRAH, Caymus-Babcock Vineyard, Suisun Valley",2,12,92.8,,Mio,10/6/2024
10/6/2024 12:41:11,"PETITE SIRAH, Caymus-Babcock Vineyard, Suisun Valley",3,12,90,"Temp not measured, assumption, all bins in the cellar due to the higher temp",Mio,10/6/2024
10/6/2024 12:41:37,"PETITE SIRAH, Caymus-Babcock Vineyard, Suisun Valley",4,13,90,"Temp not measured, assumption, all bins in the cellar due to the higher temp",Mio,10/6/2024
10/6/2024 12:42:33,"BARBERA, Estate, Green Valley",1,1,80,"Temp not measured, assumption. Full tote.",Mio,10/6/2024
10/6/2024 12:43:11,"BARBERA, Estate, Green Valley",2,0.5,80,"Temp not measured, assumption. Partial tote.",Mio,10/6/2024
10/6/2024 12:43:44,"ZINFANDEL, Lucchesi Vineyard, Green Valley",Free Run,1.8,80,"Temp not measured, assumption. Full tote.",Mio,10/6/2024
10/6/2024 12:44:20,"ZINFANDEL, Lucchesi Vineyard, Green Valley",Pressed,-0.6,80,"Temp not measured, assumption. Partial tote.",Mio,10/6/2024
10/6/2024 12:45:07,"CABERNET SAUVIGNON, DePass-Paulson Vineyard, Green Valley",1,15,86,Bin moving in the cellar due to higher temp,Mio,10/6/2024
10/6/2024 12:45:33,"CABERNET SAUVIGNON, DePass-Paulson Vineyard, Green Valley",2,12,92.8,Bin moving in the cellar due to higher temp,Mio,10/6/2024
10/7/2024 9:06:43,"PETITE SIRAH, Caymus-Babcock Vineyard, Suisun Valley",3,9.5,82,,Chiye,10/7/2024
10/7/2024 9:07:28,"PETITE SIRAH, Caymus-Babcock Vineyard, Suisun Valley",4,9,83,,Chiye,10/7/2024
10/7/2024 9:08:07,"PETITE SIRAH, Caymus-Babcock Vineyard, Suisun Valley",2,7.5,86,,Chiye,10/7/2024
10/7/2024 9:08:45,"PETITE SIRAH, Caymus-Babcock Vineyard, Suisun Valley",1,4,82,,Chiye,10/7/2024
10/7/2024 9:11:43,"CABERNET SAUVIGNON, DePass-Paulson Vineyard, Green Valley",1,12,77.5,,Chiye,10/7/2024
10/7/2024 9:12:17,"CABERNET SAUVIGNON, DePass-Paulson Vineyard, Green Valley",2,14,77.2,,Chiye,10/7/2024
10/7/2024 9:29:15,"BARBERA, Estate, Green Valley",1,0.2,77,,Chiye,10/7/2024
10/7/2024 9:30:00,"BARBERA, Estate, Green Valley",2,-0.5,77,,Chiye,10/7/2024
10/7/2024 9:31:15,"ZINFANDEL, Lucchesi Vineyard, Green Valley",Free Run,1.5,78.3,,Chiye,10/7/2024
10/7/2024 9:31:53,"ZINFANDEL, Lucchesi Vineyard, Green Valley",Pressed,-1.1,77.5,,Chiye,10/7/2024
10/7/2024 18:43:47,"BARBERA, Estate, Green Valley",2,-0.9,85,Slight eggy,Dave,10/7/2024
10/7/2024 18:54:24,"PETITE SIRAH, Caymus-Babcock Vineyard, Suisun Valley",4,5.5,81.5,,Chie,10/7/2024
10/7/2024 18:55:00,"PETITE SIRAH, Caymus-Babcock Vineyard, Suisun Valley",3,7,79.1,,Chie,10/7/2024
10/7/2024 18:55:40,"CABERNET SAUVIGNON, DePass-Paulson Vineyard, Green Valley",1,10,82,,Chie,10/7/2024
10/7/2024 18:56:12,"CABERNET SAUVIGNON, DePass-Paulson Vineyard, Green Valley",2,12,83,,Chie,10/7/2024
10/7/2024 18:56:47,"PETITE SIRAH, Caymus-Babcock Vineyard, Suisun Valley",1,2.5,78.8,,Chie,10/7/2024
10/7/2024 18:57:18,"PETITE SIRAH, Caymus-Babcock Vineyard, Suisun Valley",2,6,83,,Chie,10/7/2024
10/7/2024 19:05:53,"BARBERA, Estate, Green Valley",1,-0.3,81,,Dave,10/7/2024
10/7/2024 19:10:14,"ZINFANDEL, Lucchesi Vineyard, Green Valley",Free Run,1.3,84.9,,Dave,10/7/2024
10/8/2024 9:31:12,"CABERNET SAUVIGNON, DePass-Paulson Vineyard, Green Valley",1,9.5,81,Good,Mio,10/8/2024
10/8/2024 9:31:51,"CABERNET SAUVIGNON, DePass-Paulson Vineyard, Green Valley",2,11.5,82,Weaker cap than others,Mio,10/8/2024
10/8/2024 9:32:23,"PETITE SIRAH, Caymus-Babcock Vineyard, Suisun Valley",1,2.5,76,Good,Mio,10/8/2024
10/8/2024 9:33:13,"PETITE SIRAH, Caymus-Babcock Vineyard, Suisun Valley",2,5,80,"Slight eggy smell, h2s, gone with pd",Mio,10/8/2024
10/8/2024 9:34:16,"PETITE SIRAH, Caymus-Babcock Vineyard, Suisun Valley",3,5.5,78,"Strong eggy smell, pd 3 times more than others, need extra attention, smell less or gone after pd, still slightly there with taste too",Mio,10/8/2024
10/8/2024 9:34:52,"PETITE SIRAH, Caymus-Babcock Vineyard, Suisun Valley",4,4.5,80,"Slight eggy smell, h2s, gone with pd",Mio,10/8/2024
10/8/2024 18:28:57,"PETITE SIRAH, Caymus-Babcock Vineyard, Suisun Valley",1,2.1,82.4,,,10/8/2024
10/8/2024 18:29:26,"PETITE SIRAH, Caymus-Babcock Vineyard, Suisun Valley",2,4.3,84.1,,,10/8/2024
10/8/2024 18:29:56,"PETITE SIRAH, Caymus-Babcock Vineyard, Suisun Valley",3,5.1,83,,,10/8/2024
10/8/2024 18:30:29,"PETITE SIRAH, Caymus-Babcock Vineyard, Suisun Valley",4,3.6,85.2,,,10/8/2024
10/8/2024 18:31:55,"CABERNET SAUVIGNON, DePass-Paulson Vineyard, Green Valley",1,7.5,87.5,,,10/8/2024
10/8/2024 18:32:33,"ZINFANDEL, Lucchesi Vineyard, Green Valley",Free Run,1,83,,,10/8/2024
10/8/2024 18:33:19,"CABERNET SAUVIGNON, DePass-Paulson Vineyard, Green Valley",2,9.5,86,Radiating heat when opened— measured 96.5 before punch down ,,10/8/2024
10/8/2024 18:34:14,"ZINFANDEL, Lucchesi Vineyard, Green Valley",Pressed,-1.5,84.6,,,10/8/2024
10/8/2024 18:40:42,"BARBERA, Estate, Green Valley",1,-0.4,81.3,Barbara (black lid),,10/8/2024
10/8/2024 18:43:54,"BARBERA, Estate, Green Valley",2,-1.3,84,Sangiobara (orange lid),,10/8/2024
10/9/2024 9:05:27,"PETITE SIRAH, Caymus-Babcock Vineyard, Suisun Valley",2,4,79.3,,,10/9/2024
10/9/2024 9:06:04,"PETITE SIRAH, Caymus-Babcock Vineyard, Suisun Valley",3,5.5,78.4,,Sayoko,10/9/2024
10/9/2024 9:06:37,"PETITE SIRAH, Caymus-Babcock Vineyard, Suisun Valley",4,4,79.5,,Sayoko,10/9/2024
10/9/2024 9:07:15,"CABERNET SAUVIGNON, DePass-Paulson Vineyard, Green Valley",1,8,81,,Sayoko,10/9/2024
10/9/2024 9:07:57,"CABERNET SAUVIGNON, DePass-Paulson Vineyard, Green Valley",2,10,80.6,,Sayoko,10/9/2024
10/9/2024 9:08:43,"ZINFANDEL, Lucchesi Vineyard, Green Valley",Pressed,-0.8,71.8,,Sayoko,10/9/2024
10/9/2024 9:09:25,"ZINFANDEL, Lucchesi Vineyard, Green Valley",Free Run,1.5,73.8,,Sayoko,10/9/2024
10/9/2024 9:11:19,"PETITE SIRAH, Caymus-Babcock Vineyard, Suisun Valley",1,3,77,,Sayoko,10/9/2024
10/9/2024 18:28:25,"ZINFANDEL, Lucchesi Vineyard, Green Valley",Pressed,-1.5,81.5,Smelled,Clinton,10/9/2024
10/9/2024 18:29:20,"ZINFANDEL, Lucchesi Vineyard, Green Valley",Free Run,0.9,83.5,Smelled like sulfer,Clinton,10/9/2024
10/9/2024 18:31:18,"CABERNET SAUVIGNON, DePass-Paulson Vineyard, Green Valley",1,6.5,82,"Warm top, cool on the bottom",Clinton,10/9/2024
10/9/2024 18:32:13,"CABERNET SAUVIGNON, DePass-Paulson Vineyard, Green Valley",2,10,81,"Warm top, cool bottom, low bubbles",Clinton,10/9/2024
10/9/2024 18:33:02,"PETITE SIRAH, Caymus-Babcock Vineyard, Suisun Valley",1,2,78,"Low activity, cooling",Clinton,10/9/2024
10/9/2024 18:33:29,"PETITE SIRAH, Caymus-Babcock Vineyard, Suisun Valley",2,3,80,,Clinton,10/9/2024
10/9/2024 18:34:10,"PETITE SIRAH, Caymus-Babcock Vineyard, Suisun Valley",3,4,78,,Clinton,10/9/2024
10/9/2024 18:34:42,"PETITE SIRAH, Caymus-Babcock Vineyard, Suisun Valley",4,2.5,80,,Clinton,10/9/2024
10/10/2024 18:30:17,"PETITE SIRAH, Caymus-Babcock Vineyard, Suisun Valley",1,1,75.8,,,10/10/2024
10/10/2024 18:31:21,"PETITE SIRAH, Caymus-Babcock Vineyard, Suisun Valley",2,1.6,78.4,,,10/10/2024
10/10/2024 18:31:52,"PETITE SIRAH, Caymus-Babcock Vineyard, Suisun Valley",3,2.5,77.5,,,10/10/2024
10/10/2024 18:32:50,"PETITE SIRAH, Caymus-Babcock Vineyard, Suisun Valley",4,0.9,78.5,,,10/10/2024
10/10/2024 19:12:48,"CABERNET SAUVIGNON, DePass-Paulson Vineyard, Green Valley",1,5,79.5,,,10/10/2024
10/10/2024 19:13:23,"CABERNET SAUVIGNON, DePass-Paulson Vineyard, Green Valley",2,8,78,,,10/10/2024
10/10/2024 19:14:12,"ZINFANDEL, Lucchesi Vineyard, Green Valley",Pressed,-1.5,79.4,,,10/10/2024
10/10/2024 19:14:44,"ZINFANDEL, Lucchesi Vineyard, Green Valley",Free Run,0.9,81.5,,,10/10/2024
10/10/2024 19:15:21,"BARBERA, Estate, Green Valley",1,-0.5,80.1,,,10/10/2024
10/10/2024 19:15:56,"BARBERA, Estate, Green Valley",2,-0.9,76.8,,,10/10/2024
10/11/2024 18:57:33,"PETITE SIRAH, Caymus-Babcock Vineyard, Suisun Valley",1,0.5,72,50g DAP/Ferm-K; 230g Tartaric Acid,Joshua,10/11/2024
10/11/2024 18:58:11,"PETITE SIRAH, Caymus-Babcock Vineyard, Suisun Valley",2,1,74,,Joshua,10/11/2024
10/11/2024 18:58:44,"PETITE SIRAH, Caymus-Babcock Vineyard, Suisun Valley",3,2.1,73,,Joshua,10/11/2024
10/11/2024 18:59:32,"PETITE SIRAH, Caymus-Babcock Vineyard, Suisun Valley",4,0.2,73,,Joshua,10/11/2024
10/11/2024 19:05:00,"CABERNET SAUVIGNON, DePass-Paulson Vineyard, Green Valley",1,5,72.5,Combined bin,Joshua,10/11/2024
10/11/2024 19:08:53,"ZINFANDEL, Lucchesi Vineyard, Green Valley",Free Run,1.1,79,,Joshua,10/11/2024
10/11/2024 19:10:58,"ZINFANDEL, Lucchesi Vineyard, Green Valley",Pressed,-1.3,75.6,,Joshua,10/11/2024
10/12/2024 15:15:47,"CABERNET SAUVIGNON, DePass-Paulson Vineyard, Green Valley",1,5.5,73,,ジェフとまいこ,10/12/2024
10/13/2024 10:58:30,"CABERNET SAUVIGNON, DePass-Paulson Vineyard, Green Valley",1,4.8,73,"Cap present, fairly thick, some small bubbles ",Teddy,10/13/2024
10/13/2024 11:00:53,"ZINFANDEL, Lucchesi Vineyard, Green Valley",Free Run,1,71,The tote was bloated and some gas released. Smell sulfur. ,Teddy,10/13/2024
10/13/2024 11:07:42,"PETITE SIRAH, Caymus-Babcock Vineyard, Suisun Valley",Pressed,-0.1,68.2,Very nice. Still sweet. Fruity. ,Teddy,10/13/2024
10/13/2024 11:09:48,"PETITE SIRAH, Caymus-Babcock Vineyard, Suisun Valley",Free Run,-0.2,69,Small bubbles. Less full bodied. Less opulent than pressed. ,Teddy,10/13/2024
10/14/2024 18:47:25,"ZINFANDEL, Lucchesi Vineyard, Green Valley",Free Run,0.7,75.5,It still smells eggy; added 7g SO2 (KMBS) ~10ppm to kill off non-yeast organisms.,Brian/denise,10/14/2024
10/14/2024 18:56:36,"PETITE SIRAH, Caymus-Babcock Vineyard, Suisun Valley",Pressed,0,65.3,,Denise/Brian,10/14/2024
10/14/2024 18:57:23,"PETITE SIRAH, Caymus-Babcock Vineyard, Suisun Valley",Free Run,-0.3,65.7,,Denise / Brian,10/14/2024
10/14/2024 19:49:44,"CABERNET SAUVIGNON, DePass-Paulson Vineyard, Green Valley",1,3,75.3,Good cap. Some bubbles. ,,10/14/2024
10/15/2024 19:27:16,"ZINFANDEL, Lucchesi Vineyard, Green Valley",Free Run,0.6,74.3,,,10/15/2024
10/15/2024 19:27:52,"PETITE SIRAH, Caymus-Babcock Vineyard, Suisun Valley",Free Run,-0.4,63.7,,,10/15/2024
10/15/2024 19:28:15,"PETITE SIRAH, Caymus-Babcock Vineyard, Suisun Valley",Pressed,-0.4,63.5,,,10/15/2024
10/15/2024 19:29:13,"CABERNET SAUVIGNON, DePass-Paulson Vineyard, Green Valley",1,2.4,74.5,Strong cap very strong some bubble,,10/15/2024
10/16/2024 18:17:44,"CABERNET SAUVIGNON, DePass-Paulson Vineyard, Green Valley",1,2.3,74,,Dave ,10/16/2024
10/16/2024 18:18:57,"ZINFANDEL, Lucchesi Vineyard, Green Valley",Free Run,0.6,71,,Dave,10/16/2024
10/16/2024 18:20:49,"PETITE SIRAH, Caymus-Babcock Vineyard, Suisun Valley",Pressed,-0.5,62,,,10/16/2024
10/16/2024 18:22:13,"PETITE SIRAH, Caymus-Babcock Vineyard, Suisun Valley",Free Run,-0.5,62,,Dave,10/16/2024
10/17/2024 18:59:39,"ZINFANDEL, Lucchesi Vineyard, Green Valley",Free Run,1,67.8,Fah stirred the whole bin; brix somehow higher- plan for reinocculation ,,10/17/2024
10/17/2024 19:00:19,"CABERNET SAUVIGNON, DePass-Paulson Vineyard, Green Valley",Free Run,1.1,72,1.8 brix before pouring into cup and allowing to settle,,10/17/2024
10/18/2024 18:27:07,"ZINFANDEL, Lucchesi Vineyard, Green Valley",Free Run,0.8,69.6,Still smell sulfury ,,10/18/2024
10/18/2024 19:02:35,"CABERNET SAUVIGNON, DePass-Paulson Vineyard, Green Valley",3,0.7,71.8,Good cap. Sunken on one corner. ,,10/18/2024
10/20/2024 17:35:22,"ZINFANDEL, Lucchesi Vineyard, Green Valley",Free Run,0.2,72,"Did not measure temp. Left next to the AC unit over night after reinoculating with 43 Yeast (80g yeast, 50g GoFerm; 80g Fermaid O; 200g sugar) ",Fah,10/19/2024
10/20/2024 21:37:08,"CABERNET SAUVIGNON, DePass-Paulson Vineyard, Green Valley",3,0,72,Did not measure temp,Fah,10/19/2024
10/20/2024 17:36:28,"ZINFANDEL, Lucchesi Vineyard, Green Valley",Free Run,0,72,Did not measure temp; some bubbles; left overnight next to AC; measured around noon. ,Fah,10/20/2024
10/22/2024 21:16:25,"ZINFANDEL, Lucchesi Vineyard, Green Valley",Free Run,0.6,74.1,Small bubbles… taste good… bitter finish,Fah,10/22/2024
9/20/2025 13:22:45,"BARBERA, Estate, Green Valley",1,20,80,Slightly eggy,Pato,9/9/2025
9/15/2025 18:57:50,"ZINFANDEL, Lucchesi Vineyard, Green Valley",2,29,70,Small bubble; warmer in the middle than the edge. Was kept in the cellar overnight. ,Maiko,9/15/2025
9/15/2025 19:02:58,"BARBERA, Estate, Green Valley",1,31,71,"Warmer inside than the edge. Some bubbles, not a lot. No distinctive smell. Kept in the cellar overnight. ",Maiko,9/15/2025
9/15/2025 19:15:37,"VALDIGUIE, Caymus-Suisun, Suisun Valley",1,21,70,Smell acetaldehyde; clear sign of fermentation ; eggy; dissipate after punchdown ,Maiko,9/15/2025
9/15/2025 19:17:49,"ZINFANDEL, Lucchesi Vineyard, Green Valley",1,27.5,64,No sign of fermentation ,Maiko,9/15/2025
9/16/2025 19:19:22,"ZINFANDEL, Lucchesi Vineyard, Green Valley",1,29,64.5,Smells like Raisins. No warm pockets. Some Bubbles.,Rihan Boot,9/16/2025
9/16/2025 19:20:16,"ZINFANDEL, Lucchesi Vineyard, Green Valley",2,30,68,Smells like juice & grape skins. Fresh. No bubbles.,Rihan Boot,9/16/2025
9/16/2025 19:21:25,"BARBERA, Estate, Green Valley",1,27,68.5,Smells jammy & fresh. Heat pockets along the bottom & some bubbling. Not a lot of juice.,Rihan Boot,9/16/2025
9/16/2025 19:22:24,"VALDIGUIE, Caymus-Suisun, Suisun Valley",1,21,69,Big cap. Bubbles. Warm spots. Initial acetone smell.,Rihan Boot,9/16/2025
9/17/2025 18:24:04,"ZINFANDEL, Lucchesi Vineyard, Green Valley",2,24,76,Not much cap,Linda,9/17/2025
9/17/2025 18:56:05,"BARBERA, Estate, Green Valley",1,29,80,Thick juice,Linda,9/17/2025
9/17/2025 19:09:47,"VALDIGUIE, Caymus-Suisun, Suisun Valley",1,11,81,Alot of foam during punchdown,Linda,9/17/2025
9/17/2025 19:39:26,"VALDIGUIE, Caymus-Suisun, Suisun Valley",1,10,81,After add 5 gal water,Linda,9/17/2025
9/17/2025 19:50:12,"ZINFANDEL, Lucchesi Vineyard, Green Valley",1,23,69,No foam,Linda,9/17/2025
9/18/2025 9:15:16,"VALDIGUIE, Caymus-Suisun, Suisun Valley",1,2,92,"Eggy, less foamy but active, high temperature, prickly acid",Mio,9/18/2025
9/18/2025 9:15:52,"ZINFANDEL, Lucchesi Vineyard, Green Valley",2,23.5,73.5,Have a cap but less activity,Mio,9/18/2025
9/18/2025 9:16:42,"BARBERA, Estate, Green Valley",1,25.5,80,"Good steady activity, with a cap, very thick",Mio,9/18/2025
9/18/2025 9:18:46,"ZINFANDEL, Lucchesi Vineyard, Green Valley",1,24.5,70,Mio,,9/18/2025
9/18/2025 18:46:18,"ZINFANDEL, Lucchesi Vineyard, Green Valley",1,24,72.3,No bubbles,Rihan Boot,9/18/2025
9/18/2025 18:46:53,"ZINFANDEL, Lucchesi Vineyard, Green Valley",2,23,77.4,N/a,Rihan Boot,9/18/2025
9/18/2025 18:47:41,"BARBERA, Estate, Green Valley",1,20,87.5,Very warm. Active bubbles. Smells jammy.,Rihan Boot,9/18/2025
9/18/2025 18:48:15,"VALDIGUIE, Caymus-Suisun, Suisun Valley",1,0.8,90,Warm. Not bubbly.,Rihan Boot,9/18/2025
9/18/2025 19:20:18,"VALDIGUIE, Caymus-Suisun, Suisun Valley",3,19,65.8,,Rihan Boot,9/18/2025
9/18/2025 19:20:47,"VALDIGUIE, Caymus-Suisun, Suisun Valley",4,20,64.9,,Rihan Boot,9/18/2025
9/19/2025 18:31:11,"BARBERA, Estate, Green Valley",1,16,88,Eggy and warm on the surface. Not too foamy. Add 50g fermaide K. ,James,9/19/2025
9/19/2025 18:34:12,"ZINFANDEL, Lucchesi Vineyard, Green Valley",2,19,81,Foamy; not particularly warm. ,James,9/19/2025
9/19/2025 18:38:50,"ZINFANDEL, Lucchesi Vineyard, Green Valley",1,26,73,Thick musk. Has strong cap. Some foam. ,Eli,9/19/2025
9/19/2025 18:49:42,"VALDIGUIE, Caymus-Suisun, Suisun Valley",1,-0.5,80,Still good cap; smell nice; taste dry,James,9/19/2025
9/19/2025 18:52:20,"VALDIGUIE, Caymus-Suisun, Suisun Valley",4,19.5,69,Acetone in some pockets in the beginning; a few warm pockets; small amount of foam. ,James,9/19/2025
9/19/2025 18:55:38,"VALDIGUIE, Caymus-Suisun, Suisun Valley",3,18.5,69,Acetone in pockets before punchdown; Taste a little stemmy; ,Eli,9/19/2025
9/20/2025 13:29:20,"ZINFANDEL, Lucchesi Vineyard, Green Valley",1,24.5,73,Thick musk. Transferred 30 gals of musk to Bin 2. Added 6 gals of water. ,Fah,9/20/2025
9/20/2025 13:31:38,"ZINFANDEL, Lucchesi Vineyard, Green Valley",2,16,80,Very foamy. Added 4 gals of water and 30 gals of musk form Bin 1. Measurement made after addition. ,Fah,9/20/2025
9/20/2025 14:31:58,"VALDIGUIE, Caymus-Suisun, Suisun Valley",3,14.5,78,Some acetone smell. Some activity: more juice. Inoculate with Pastoral Red. ,Fah,9/20/2025
9/20/2025 14:32:44,"VALDIGUIE, Caymus-Suisun, Suisun Valley",4,16,77,Active. Smell a little acetone ,Fah,9/20/2025
9/21/2025 14:59:47,"ZINFANDEL, Lucchesi Vineyard, Green Valley",1,20,79,N/a,Eli,9/21/2025
9/21/2025 15:00:43,"ZINFANDEL, Lucchesi Vineyard, Green Valley",2,12,82,"Cap, CO2 smell",Eli,9/21/2025
9/21/2025 15:01:50,"BARBERA, Estate, Green Valley",1,11,79,N/a,Eli,9/21/2025
9/21/2025 15:02:43,"GRENACHE, Redgale Vineyard, Solano County",1,26,67,N/a,Eli,9/21/2025
9/21/2025 15:03:32,"GRENACHE, Redgale Vineyard, Solano County",2,26,69,N/a,Eli,9/21/2025
9/21/2025 15:04:12,"GRENACHE, Redgale Vineyard, Solano County",3,26,69,N/a,Eli,9/21/2025
9/22/2025 19:05:24,"ZINFANDEL, Lucchesi Vineyard, Green Valley",1,14,88,80g Ferm k,Linda,9/22/2025
9/22/2025 19:08:21,"ZINFANDEL, Lucchesi Vineyard, Green Valley",2,8,86,"Good cap, foaming",Linda,9/22/2025
9/22/2025 19:10:08,"BARBERA, Estate, Green Valley",1,11,81,"Thick, very little foam",Linda,9/22/2025
9/22/2025 19:16:13,"GRENACHE, Redgale Vineyard, Solano County",1,26,68,"Initial nail polish remover smell, dissipated during punchdown",Linda,9/22/2025
9/22/2025 19:17:18,"GRENACHE, Redgale Vineyard, Solano County",2,26,69,"Initial nail polish remover smell, dissipated during punchdown",Linda,9/22/2025
9/22/2025 19:18:17,"GRENACHE, Redgale Vineyard, Solano County",3,26,69,"Initial nail polish remover smell, dissipated during punchdown",Linda,9/22/2025
9/23/2025 19:03:44,"ZINFANDEL, Lucchesi Vineyard, Green Valley",1,11.5,85.3,C02 smell. Very slight smell of sulfur when first opened.,Rihan Boot,9/23/2025
9/23/2025 19:04:34,"ZINFANDEL, Lucchesi Vineyard, Green Valley",2,5,74.8,C02 smell. Slight smell of sulfur when 1st opened.,Rihan Boot,9/23/2025
9/23/2025 19:05:09,"BARBERA, Estate, Green Valley",1,11,73.8,C02 smell,Rihan Boot,9/23/2025
9/23/2025 19:06:23,"GRENACHE, Redgale Vineyard, Solano County",1,26,69.6,"Acetone smell. Bubbles, w/ no cap. Inoculation today.",Rihan Boot,9/23/2025
9/23/2025 19:06:54,"GRENACHE, Redgale Vineyard, Solano County",2,26,68,"Acetone smell. Bubbles, w/ no cap. Inoculation today.",Rihan Boot,9/23/2025
9/23/2025 19:07:24,"GRENACHE, Redgale Vineyard, Solano County",3,26,68,"Acetone smell. Bubbles, w/ no cap. Inoculation today.",Rihan Boot,9/23/2025
9/23/2025 19:08:45,"VALDIGUIE, Caymus-Suisun, Suisun Valley",1,-1,67.3,DESTEMMED - C02 smell,Rihan Boot,9/23/2025
9/23/2025 19:09:32,"VALDIGUIE, Caymus-Suisun, Suisun Valley",3,-0.7,68.5,CARBONIC - C02 smell,Rihan Boot,9/23/2025
9/24/2025 18:19:18,"ZINFANDEL, Lucchesi Vineyard, Green Valley",2,4,81,Still some activity,Linda,9/24/2025
9/24/2025 18:34:01,"VALDIGUIE, Caymus-Suisun, Suisun Valley",3,-1.25,65,Carbonic,Teddy,9/24/2025
9/24/2025 18:40:17,"VALDIGUIE, Caymus-Suisun, Suisun Valley",1,-1.1,64,De stemmed ,Teddy,9/24/2025
9/24/2025 18:57:35,"GRENACHE, Redgale Vineyard, Solano County",1,21,77,Slight amount of foam,Eli and Olivia,9/24/2025
9/24/2025 18:59:52,"GRENACHE, Redgale Vineyard, Solano County",2,18.5,78,Some foam,Olivia and Eli,9/24/2025
9/24/2025 19:02:24,"GRENACHE, Redgale Vineyard, Solano County",3,18,78,Some foam,Eli and Olivia ,9/24/2025
9/24/2025 19:02:29,"ZINFANDEL, Lucchesi Vineyard, Green Valley",2,9,81,"Little stinky, Needed pumpover",Linda,9/24/2025
9/25/2025 18:30:28,"GRENACHE, Redgale Vineyard, Solano County",1,12,84,,Rihan Boot,9/25/2025
9/25/2025 18:31:12,"GRENACHE, Redgale Vineyard, Solano County",2,10.5,83,,Rihan Boot,9/25/2025
9/25/2025 18:31:46,"GRENACHE, Redgale Vineyard, Solano County",3,10,87.3,,Rihan Boot,9/25/2025
9/25/2025 18:37:09,"ZINFANDEL, Lucchesi Vineyard, Green Valley",1,8,82,Sulfur smell. Pump over today.,Rihan Boot,9/25/2025
9/25/2025 18:37:55,"ZINFANDEL, Lucchesi Vineyard, Green Valley",2,4,77.5,Sulfur smell. Pump over today.,Rihan Boot,9/25/2025
9/26/2025 17:14:16,"ZINFANDEL, Lucchesi Vineyard, Green Valley",2,3,75,,Teddy,9/26/2025
9/26/2025 17:18:11,"ZINFANDEL, Lucchesi Vineyard, Green Valley",1,7,79.5,,Teddy,9/26/2025
9/26/2025 17:22:16,"GRENACHE, Redgale Vineyard, Solano County",2,6,82,Very active,Teddy,9/26/2025
9/26/2025 17:25:59,"GRENACHE, Redgale Vineyard, Solano County",3,5,87,Very warm,Teddy,9/26/2025
9/26/2025 17:30:36,"GRENACHE, Redgale Vineyard, Solano County",1,7,86,Also fairly warm,Teddy,9/26/2025
9/27/2025 11:31:36,"ZINFANDEL, Lucchesi Vineyard, Green Valley",2,2,74.8,,Sara L,9/27/2025
9/27/2025 11:56:55,"GRENACHE, Redgale Vineyard, Solano County",1,5.5,79,,Sara L,9/27/2025
9/27/2025 11:57:29,"GRENACHE, Redgale Vineyard, Solano County",2,4.5,78.5,,Sara L,9/27/2025
9/27/2025 11:57:33,"ZINFANDEL, Lucchesi Vineyard, Green Valley",1,6,79.5,Faint eggy smell. Very strong cap. ,Sara,9/27/2025
9/27/2025 11:58:01,"GRENACHE, Redgale Vineyard, Solano County",3,3,83,,Sara L,9/27/2025
9/27/2025 11:58:23,"ZINFANDEL, Lucchesi Vineyard, Green Valley",2,2,75,Loose cap. Still have caps. Not smelling eggy.,Sara,9/27/2025
9/29/2025 19:42:15,"GRENACHE, Redgale Vineyard, Solano County",1,3.8,74,,Fah,9/28/2025
9/29/2025 19:42:41,"GRENACHE, Redgale Vineyard, Solano County",2,2.1,74,,Fah,9/28/2025
9/29/2025 19:43:57,"GRENACHE, Redgale Vineyard, Solano County",3,0.6,76,,Fah,9/28/2025
9/29/2025 18:29:56,"GRENACHE, Redgale Vineyard, Solano County",2,0.4,72,"Small cap, still active, smell of alcohol",Linda,9/29/2025
9/29/2025 18:54:16,"GRENACHE, Redgale Vineyard, Solano County",1,2,72,"Small cap, still active,",Linda,9/29/2025
9/29/2025 19:00:06,"ZINFANDEL, Lucchesi Vineyard, Green Valley",3,-0.3,73,"Small cap, Still active, sweet",Linda,9/29/2025
9/29/2025 19:46:01,"GRENACHE, Redgale Vineyard, Solano County",3,-0.3,73,,Linda,9/29/2025
9/29/2025 19:47:53,"ZINFANDEL, Lucchesi Vineyard, Green Valley",Pressed,4.6,67,Reinoculation with yeast 43,Fah,9/29/2025
9/29/2025 19:52:09,"BARBERA, Estate, Green Valley",1,8.5,64,,Fah,9/29/2025
9/29/2025 19:55:46,"PETITE SIRAH, Caymus-Babcock Vineyard, Suisun Valley",1,26,66,No activities; smell nice.,Fah,9/29/2025
9/29/2025 19:57:30,"PETITE SIRAH, Caymus-Babcock Vineyard, Suisun Valley",2,25.5,67,No activities; smell nice.,Fah,9/29/2025
9/29/2025 19:58:13,"PETITE SIRAH, Caymus-Babcock Vineyard, Suisun Valley",3,26,67,No activities; smell nice.,Fah,9/29/2025
9/29/2025 20:03:27,"MOURVÈDRE, Redgale Vineyard, Solano County",1,24.5,64.5,No activities; smell nice.,Fah,9/29/2025
9/29/2025 20:03:52,"MOURVÈDRE, Redgale Vineyard, Solano County",2,25,65,No activities; smell nice.,Fah,9/29/2025
10/1/2025 18:22:39,"GRENACHE, Redgale Vineyard, Solano County",2,-1.5,71,"Smells good, still active",Linda,10/1/2025
10/1/2025 18:47:12,"GRENACHE, Redgale Vineyard, Solano County",1,0.2,71,"Smells good, still active, pink foam",Linda,10/1/2025
10/1/2025 19:00:27,"GRENACHE, Redgale Vineyard, Solano County",3,-1.5,71,,Clinton,10/1/2025
10/1/2025 19:02:25,"MOURVÈDRE, Redgale Vineyard, Solano County",1,21,71,Sweet smell,Clinton,10/1/2025
10/1/2025 19:03:01,"MOURVÈDRE, Redgale Vineyard, Solano County",2,22,72,Sweets smell,Clinton,10/1/2025
10/2/2025 18:48:25,"MOURVÈDRE, Redgale Vineyard, Solano County",1,13.5,79,Happy bubbles. Clean fresh smell,Haley,10/2/2025
10/2/2025 18:49:52,"GRENACHE, Redgale Vineyard, Solano County",1,-0.3,71.1,Most fruitful flavor ,,10/2/2025
10/2/2025 18:50:17,"GRENACHE, Redgale Vineyard, Solano County",2,-1.1,71,,,10/2/2025
10/2/2025 18:50:55,"GRENACHE, Redgale Vineyard, Solano County",3,-1.6,70.9,Citrus kick flavor ,,10/2/2025
10/2/2025 18:51:35,"PETITE SIRAH, Caymus-Babcock Vineyard, Suisun Valley",1,22.5,72.1,Extra high cap,,10/2/2025
10/2/2025 18:52:11,"PETITE SIRAH, Caymus-Babcock Vineyard, Suisun Valley",2,18.5,77.5,Lots of hot/cold spots,,10/2/2025
10/2/2025 18:52:32,"PETITE SIRAH, Caymus-Babcock Vineyard, Suisun Valley",3,21,74,,,10/2/2025
10/2/2025 18:49:18,"MOURVÈDRE, Redgale Vineyard, Solano County",2,16.5,78.1,Happy bubbles. Bright scent ,Haley ,10/3/2025
10/5/2025 11:09:11,"BARBERA, Estate, Green Valley",1,25,54,Sangiovese crossover barbera. ,Linda,10/5/2025
10/5/2025 11:47:30,"BARBERA, Estate, Green Valley",2,25,56,"Gated side, good color",Linda,10/5/2025
10/5/2025 12:04:19,"BARBERA, Estate, Green Valley",3,26,61,Middle location,Linda,10/5/2025
10/5/2025 13:09:59,"MOURVÈDRE, Redgale Vineyard, Solano County",1,2.5,77.5,Alcohol,Linda,10/5/2025
10/5/2025 13:10:53,"MOURVÈDRE, Redgale Vineyard, Solano County",2,5,78,Alcohol,Linda,10/5/2025
10/5/2025 13:12:13,"PETITE SIRAH, Caymus-Babcock Vineyard, Suisun Valley",1,10,84,Color extraction incredible,Linda,10/5/2025
10/5/2025 13:13:15,"PETITE SIRAH, Caymus-Babcock Vineyard, Suisun Valley",2,6,86,Color extraction incredible,Linda,10/5/2025
10/5/2025 13:14:19,"PETITE SIRAH, Caymus-Babcock Vineyard, Suisun Valley",3,7,85,Color extraction incredible,Linda,10/5/2025
10/5/2025 13:24:32,"CABERNET SAUVIGNON, DePass Paulson Vineyard, Green Valley",1,25,72,,Linda,10/5/2025
10/6/2025 18:50:17,"PETITE SIRAH, Caymus-Babcock Vineyard, Suisun Valley",1,6.75,83.3,Presence of alcohol,Linda,10/6/2025
10/6/2025 18:51:12,"PETITE SIRAH, Caymus-Babcock Vineyard, Suisun Valley",2,3.8,82.2,Presence of alcohol,Linda,10/6/2025
10/6/2025 18:52:21,"PETITE SIRAH, Caymus-Babcock Vineyard, Suisun Valley",3,5.2,82.3,Presence of alcohol,Linda,10/6/2025
10/6/2025 18:53:26,"MOURVÈDRE, Redgale Vineyard, Solano County",1,-0.7,80,Great color extraction,Linda,10/6/2025
10/6/2025 18:54:20,"MOURVÈDRE, Redgale Vineyard, Solano County",2,3.5,81,Great color extraction,Linda,10/6/2025
10/6/2025 19:29:38,"CABERNET SAUVIGNON, DePass Paulson Vineyard, Green Valley",1,25.5,64,"Start, active",Linda,10/6/2025
10/6/2025 19:31:19,"BARBERA, Estate, Green Valley",1,27,60,Add 5gal water,Linda,10/6/2025
10/6/2025 19:34:12,"BARBERA, Estate, Green Valley",2,27,60,"Gate side, add 5gal water",Linda,10/6/2025
10/6/2025 19:35:16,"BARBERA, Estate, Green Valley",3,29,63,"Slight nail polish odor, add 5gal water",Linda,10/6/2025
10/6/2025 19:41:30,"Historic Vine CARIGNAN, Parenti Vineyard, Green Valley",1,22,75,"Start, active",Linda,10/6/2025
10/6/2025 19:58:04,"ZINFANDEL, Lucchesi Vineyard, Green Valley",Pressed,2.8,74,,Linda,10/6/2025
10/9/2025 9:32:33,"PETITE SIRAH, Caymus-Babcock Vineyard, Suisun Valley",1,5,87.5,,,10/7/2025
10/9/2025 9:32:49,"PETITE SIRAH, Caymus-Babcock Vineyard, Suisun Valley",2,2.3,83,,,10/7/2025
10/9/2025 9:33:09,"PETITE SIRAH, Caymus-Babcock Vineyard, Suisun Valley",3,3.4,85,,,10/7/2025
10/9/2025 9:34:03,"BARBERA, Estate, Green Valley",1,25.5,74,After 5 gal water add last night ,,10/7/2025
10/9/2025 9:34:31,"BARBERA, Estate, Green Valley",2,25,76,After 5 gal water add ,,10/7/2025
10/9/2025 9:34:57,"BARBERA, Estate, Green Valley",3,24,76,After 5 gal water add,,10/7/2025
10/9/2025 9:35:27,"CABERNET SAUVIGNON, DePass Paulson Vineyard, Green Valley",1,24.5,76,,,10/7/2025
10/9/2025 9:36:33,"Historic Vine CARIGNAN, Parenti Vineyard, Green Valley",1,25,82.5,,,10/7/2025
10/9/2025 9:37:18,"Historic Vine CARIGNAN, Parenti Vineyard, Green Valley",2,23,68,Picked grapes in the morning; whole cluster ferment with foot threading ,,10/7/2025
10/9/2025 9:37:40,"MOURVÈDRE, Redgale Vineyard, Solano County",1,0.1,86,,,10/7/2025
10/9/2025 9:38:02,"MOURVÈDRE, Redgale Vineyard, Solano County",2,2.5,87,,,10/7/2025
10/9/2025 9:38:34,"ZINFANDEL, Lucchesi Vineyard, Green Valley",Pressed,2.5,75.4,,,10/7/2025
10/8/2025 18:47:03,"Historic Vine CARIGNAN, Parenti Vineyard, Green Valley",1,21,74,“Yeasty” some cap and even,Linda ,10/8/2025
10/8/2025 18:47:34,"Historic Vine CARIGNAN, Parenti Vineyard, Green Valley",2,24,63,No cap; swampy ,Eli,10/8/2025
10/8/2025 18:48:32,"PETITE SIRAH, Caymus-Babcock Vineyard, Suisun Valley",1,4.4,78,Strong cap,Teddy,10/8/2025
10/8/2025 18:48:57,"PETITE SIRAH, Caymus-Babcock Vineyard, Suisun Valley",2,1.3,77,Strong cap,Teddy,10/8/2025
10/8/2025 18:49:24,"PETITE SIRAH, Caymus-Babcock Vineyard, Suisun Valley",3,2.5,76,Strong cap,Teddy,10/8/2025
10/8/2025 18:50:07,"CABERNET SAUVIGNON, DePass Paulson Vineyard, Green Valley",1,22,71.5,Acetone blow off,Clinton ,10/8/2025
10/8/2025 18:51:39,"BARBERA, Estate, Green Valley",1,25,68,Weak cap; swampy ,Linda ,10/8/2025
10/8/2025 18:52:48,"BARBERA, Estate, Green Valley",2,23,70,Some cap; smell fine; warm pockets,Clinton ,10/8/2025
10/8/2025 18:53:24,"BARBERA, Estate, Green Valley",3,25,69,Some cap; warm pockets ,Clinton ,10/8/2025
10/8/2025 18:53:56,"CHARDONNAY, Andrews Vineyard, Suisun Valley",1,18.5,65.3,,Eli,10/8/2025
10/8/2025 18:54:18,"CHARDONNAY, Andrews Vineyard, Suisun Valley",2,19,64.9,,Eli,10/8/2025
10/8/2025 18:54:38,"CHARDONNAY, Andrews Vineyard, Suisun Valley",3,20,64.9,,Eli,10/8/2025
10/8/2025 18:55:08,"CHARDONNAY, Andrews Vineyard, Suisun Valley",4,20,64.9,,Eli,10/8/2025
10/8/2025 18:55:33,"CHARDONNAY, Andrews Vineyard, Suisun Valley",5,21,63.9,,Eli,10/8/2025
10/8/2025 18:55:53,"CHARDONNAY, Andrews Vineyard, Suisun Valley",6,20.5,63.3,,Eli,10/8/2025
10/9/2025 9:31:10,"MOURVÈDRE, Redgale Vineyard, Solano County",1,0,70,Punchdown once a day in the morning; weak cap with almost no whole grapes left. Very soupy. ,Fah,10/9/2025
10/9/2025 9:31:57,"MOURVÈDRE, Redgale Vineyard, Solano County",2,0.7,71,Started punchdown once a day in the morning; Weak cap; no solid grapes; taste dry. ,Fah,10/9/2025
10/9/2025 19:34:20,"Historic Vine CARIGNAN, Parenti Vineyard, Green Valley",1,17,73,,Rihan Boot,10/9/2025
10/9/2025 19:36:36,"CABERNET SAUVIGNON, DePass Paulson Vineyard, Green Valley",1,20,68,Acetone. Cold throughout.,Rihan Boot,10/9/2025
10/9/2025 19:37:16,"BARBERA, Estate, Green Valley",1,23,73,,Rihan Boot,10/9/2025
10/9/2025 19:37:56,"BARBERA, Estate, Green Valley",2,21,70,,Rihan Boot,10/9/2025
10/9/2025 19:39:05,"BARBERA, Estate, Green Valley",3,22,72.5,,Rihan Boot,10/9/2025
10/9/2025 19:41:28,"ZINFANDEL, Lucchesi Vineyard, Green Valley",Pressed,2.6,72,,Rihan Boot,10/9/2025
10/9/2025 19:42:19,"Historic Vine CARIGNAN, Parenti Vineyard, Green Valley",2,22,65.5,,Rihan Boot,10/9/2025
10/9/2025 19:42:59,"PETITE SIRAH, Caymus-Babcock Vineyard, Suisun Valley",1,4,75,,Rihan Boot,10/9/2025
10/9/2025 19:43:46,"PETITE SIRAH, Caymus-Babcock Vineyard, Suisun Valley",2,1.5,71.5,,Rihan Boot,10/9/2025
10/9/2025 19:44:43,"PETITE SIRAH, Caymus-Babcock Vineyard, Suisun Valley",3,1.7,73,,Rihan Boot,10/9/2025
10/9/2025 19:46:50,"CHARDONNAY, Andrews Vineyard, Suisun Valley",1,14,70,,Rihan Boot,10/9/2025
10/9/2025 19:47:47,"CHARDONNAY, Andrews Vineyard, Suisun Valley",2,16,68.9,,Rihan Boot,10/9/2025
10/9/2025 19:48:45,"CHARDONNAY, Andrews Vineyard, Suisun Valley",3,14,69.3,,Rihan Boot,10/9/2025
10/9/2025 19:49:33,"CHARDONNAY, Andrews Vineyard, Suisun Valley",4,16,68.4,,Rihan Boot,10/9/2025
10/9/2025 19:50:03,"CHARDONNAY, Andrews Vineyard, Suisun Valley",5,14,64.8,,Rihan Boot,10/9/2025
10/9/2025 19:52:01,"CHARDONNAY, Andrews Vineyard, Suisun Valley",6,16,64.4,,Rihan Boot,10/9/2025
10/10/2025 21:03:26,"BARBERA, Estate, Green Valley",1,14,78,,Eli,10/10/2025
10/10/2025 21:04:18,"BARBERA, Estate, Green Valley",2,16,77,,Eli,10/10/2025
10/10/2025 21:05:19,"BARBERA, Estate, Green Valley",3,17,73,,Eli,10/10/2025
10/10/2025 21:06:35,"Historic Vine CARIGNAN, Parenti Vineyard, Green Valley",2,19.5,70,Cap ,Eli ,10/10/2025
10/10/2025 21:07:21,"Historic Vine CARIGNAN, Parenti Vineyard, Green Valley",1,15,72,Cap,Eli ,10/10/2025
10/10/2025 21:08:43,"CABERNET SAUVIGNON, DePass Paulson Vineyard, Green Valley",1,18.5,69,,Eli ,10/10/2025
10/10/2025 21:09:31,"ZINFANDEL, Lucchesi Vineyard, Green Valley",Pressed,3.2,66,,Eli,10/10/2025
10/10/2025 21:10:14,"CHARDONNAY, Andrews Vineyard, Suisun Valley",1,8,72.5,,Eli,10/10/2025
10/10/2025 21:10:47,"CHARDONNAY, Andrews Vineyard, Suisun Valley",2,9,74.5,,Eli,10/10/2025
10/10/2025 21:11:32,"CHARDONNAY, Andrews Vineyard, Suisun Valley",3,11,73,,Eli,10/10/2025
10/10/2025 21:12:09,"CHARDONNAY, Andrews Vineyard, Suisun Valley",4,11,73,,Eli,10/10/2025
10/10/2025 21:13:23,"CHARDONNAY, Andrews Vineyard, Suisun Valley",5,10.5,65,This is chard 5 ,Eli ,10/10/2025
10/10/2025 21:14:35,"CHARDONNAY, Andrews Vineyard, Suisun Valley",6,12.5,66,This is chard 6 ,Eli ,10/10/2025
10/11/2025 16:31:33,"Historic Vine CARIGNAN, Parenti Vineyard, Green Valley",2,17,71,"Great color, active",Linda,10/11/2025
10/11/2025 16:32:48,"Historic Vine CARIGNAN, Parenti Vineyard, Green Valley",1,12,71,"Great color, active",Linda,10/11/2025
10/11/2025 16:33:01,"BARBERA, Estate, Green Valley",1,10,77,Mushy,Andrew,10/11/2025
10/11/2025 16:33:58,"BARBERA, Estate, Green Valley",2,12,73,Mushy,Andrew,10/11/2025
10/11/2025 16:34:19,"CABERNET SAUVIGNON, DePass Paulson Vineyard, Green Valley",1,17,67,"Foam, active, good color",Linda,10/11/2025
10/11/2025 16:35:26,"BARBERA, Estate, Green Valley",3,13.5,72,Foaming,Andrew Harper,10/11/2025
10/14/2025 18:51:50,"CHARDONNAY, Andrews Vineyard, Suisun Valley",1,-0.7,66,"Pineapple, dry",Fah,10/14/2025
10/14/2025 18:52:31,"CHARDONNAY, Andrews Vineyard, Suisun Valley",2,-0.7,67,"Pineapple, dry",Fah,10/14/2025
10/14/2025 18:53:25,"CHARDONNAY, Andrews Vineyard, Suisun Valley",3,2.4,65.5,Soap,Fah,10/14/2025
10/14/2025 18:53:58,"CHARDONNAY, Andrews Vineyard, Suisun Valley",4,2.7,66.5,Soap,Fah,10/14/2025
10/14/2025 18:54:44,"CHARDONNAY, Andrews Vineyard, Suisun Valley",6,5.3,63.7,,Fah,10/14/2025
10/14/2025 18:55:27,"ZINFANDEL, Lucchesi Vineyard, Green Valley",Pressed,2.2,66,,,10/14/2025
10/14/2025 20:44:47,"BARBERA, Estate, Green Valley",1,1.8,64.3,,,10/14/2025
10/14/2025 20:45:15,"Historic Vine CARIGNAN, Parenti Vineyard, Green Valley",2,11.5,67.1,,,10/14/2025
10/14/2025 20:46:03,"BARBERA, Estate, Green Valley",3,9,63.5,Left to separate before measuring,,10/14/2025
10/14/2025 20:46:38,"BARBERA, Estate, Green Valley",2,6,66,Left to separate before measuring,,10/14/2025
10/14/2025 20:47:04,"Historic Vine CARIGNAN, Parenti Vineyard, Green Valley",1,6,66.3,,,10/14/2025
10/14/2025 20:47:31,"CABERNET SAUVIGNON, DePass Paulson Vineyard, Green Valley",1,13.5,59,,,10/14/2025
10/15/2025 18:45:27,"CHARDONNAY, Andrews Vineyard, Suisun Valley",1,-1,64.2,,Teddy,10/15/2025
10/15/2025 18:45:37,"BARBERA, Estate, Green Valley",1,6,62,"Merky, thick, low activity",Linda,10/15/2025
10/15/2025 18:45:51,"CHARDONNAY, Andrews Vineyard, Suisun Valley",2,-1.3,64,,Teddy,10/15/2025
10/15/2025 18:46:23,"CHARDONNAY, Andrews Vineyard, Suisun Valley",3,1.2,65.1,Still somewhat soapy,Teddy,10/15/2025
10/15/2025 18:46:32,"BARBERA, Estate, Green Valley",2,5.5,64,"Good color, low activity",Linda,10/15/2025
10/15/2025 18:46:43,"CHARDONNAY, Andrews Vineyard, Suisun Valley",4,1.5,64.9,,Teddy,10/15/2025
10/15/2025 18:47:18,"BARBERA, Estate, Green Valley",3,6,63,"Good color, low activity",Linda,10/15/2025
10/15/2025 18:47:21,"CHARDONNAY, Andrews Vineyard, Suisun Valley",6,4,63.3,"Chardonnay 6, keg",Teddy,10/15/2025
10/15/2025 18:47:49,"CABERNET SAUVIGNON, DePass Paulson Vineyard, Green Valley",1,12,59,Cold!,Teddy,10/15/2025
10/15/2025 18:48:37,"Historic Vine CARIGNAN, Parenti Vineyard, Green Valley",2,10,65,,Teddy,10/15/2025
10/15/2025 18:48:52,"Historic Vine CARIGNAN, Parenti Vineyard, Green Valley",1,10,65,"Low activity, good color",Linda,10/15/2025
10/16/2025 20:27:49,"CHARDONNAY, Andrews Vineyard, Suisun Valley",1,-1.2,63.3,,Maiko,10/16/2025
10/16/2025 20:28:12,"CHARDONNAY, Andrews Vineyard, Suisun Valley",2,-2.6,63.3,,Maiko,10/16/2025
10/16/2025 20:28:39,"CHARDONNAY, Andrews Vineyard, Suisun Valley",3,0.2,64,,Maiko,10/16/2025
10/16/2025 20:29:02,"CHARDONNAY, Andrews Vineyard, Suisun Valley",4,0.6,63.5,,Maiko,10/16/2025
10/16/2025 20:29:23,"CHARDONNAY, Andrews Vineyard, Suisun Valley",6,2.7,62.2,,Maiko,10/16/2025
10/16/2025 20:29:44,"CABERNET SAUVIGNON, DePass Paulson Vineyard, Green Valley",1,12,66.3,,,10/16/2025
10/16/2025 20:30:51,"Historic Vine CARIGNAN, Parenti Vineyard, Green Valley",1,NA,64.5,Too thick to measure accurately ,,10/16/2025
10/16/2025 20:31:40,"Historic Vine CARIGNAN, Parenti Vineyard, Green Valley",1,1,64.5,Vibe based on taste,,10/16/2025
10/16/2025 20:31:44,"BARBERA, Estate, Green Valley",1,NA,62.8,"Too thick to measure, even after separating. Pato and Fah thought it tasted under 1 brix ",,10/16/2025
10/16/2025 20:32:22,"BARBERA, Estate, Green Valley",2,NA,64,"Too thick to measure, even after separating. Pato and Fah thought it tasted like 3.5 hopefully",,10/16/2025
10/16/2025 20:33:08,"BARBERA, Estate, Green Valley",3,NA,64.3,"Too thick to measure, even after separating. Pato and Fah hoped it might be close to 1 maybe possible hopefully ",,10/16/2025
10/16/2025 20:33:26,"Historic Vine CARIGNAN, Parenti Vineyard, Green Valley",2,9,67.4,Thick; brix maybe inaccurate ,,10/16/2025
10/17/2025 19:22:41,"CHARDONNAY, Andrews Vineyard, Suisun Valley",1,-1.2,61,,Eli ,10/17/2025
10/17/2025 19:23:14,"CHARDONNAY, Andrews Vineyard, Suisun Valley",2,-1.3,62,,Eli ,10/17/2025
10/17/2025 19:24:13,"CHARDONNAY, Andrews Vineyard, Suisun Valley",3,0.4,63,,Eli ,10/17/2025
10/17/2025 19:26:12,"CHARDONNAY, Andrews Vineyard, Suisun Valley",4,0.2,63,,Eli,10/17/2025
10/17/2025 22:52:09,"CHARDONNAY, Andrews Vineyard, Suisun Valley",6,1.7,62,Number 6 ,Eli,10/17/2025